arquivo,url_origem,edicao_ano,inicio_s,fim_s,descricao_do_plano,categoria,energia,qualidade_tecnica,tem_texto_sobreposto,tem_fala,horizontal_ou_vertical,nota_uso_aftermovie
raw/ig_DO4cd4Uj1ZR.mp4,https://www.instagram.com/reel/DO4cd4Uj1ZR/,"12a ed. 2025 (Minas Shopping, 20-21/set)",0.00,3.23,"Banner 'Conheca Novos Mundos' no teto do pavilhao, contra-plongee; legenda de depoimento queimada",detalhe,2,4,s,s,vertical,2
raw/ig_DO4cd4Uj1ZR.mp4,https://www.instagram.com/reel/DO4cd4Uj1ZR/,"12a ed. 2025 (Minas Shopping, 20-21/set)",3.23,6.20,"Parede cenografica com logo NXP (roxo/amarelo), travelling; legenda queimada",estande,2,4,s,s,vertical,2
raw/ig_DO4cd4Uj1ZR.mp4,https://www.instagram.com/reel/DO4cd4Uj1ZR/,"12a ed. 2025 (Minas Shopping, 20-21/set)",6.20,9.80,Portal 'Nerd XP' estilo Rick&Morty na cenografia; legenda queimada,estande,2,4,s,s,vertical,2
raw/ig_DO4cd4Uj1ZR.mp4,https://www.instagram.com/reel/DO4cd4Uj1ZR/,"12a ed. 2025 (Minas Shopping, 20-21/set)",9.80,10.50,"Cosplayer Twilight Sparkle piscando e mostrando a lingua para a camera, luz natural",cosplay,5,4,n,n,vertical,5
raw/ig_DO4cd4Uj1ZR.mp4,https://www.instagram.com/reel/DO4cd4Uj1ZR/,"12a ed. 2025 (Minas Shopping, 20-21/set)",10.50,11.43,Cosplay Miles Morales (Aranhaverso) posado diante de parede cenografica,cosplay,3,4,n,n,vertical,4
raw/ig_DO4cd4Uj1ZR.mp4,https://www.instagram.com/reel/DO4cd4Uj1ZR/,"12a ed. 2025 (Minas Shopping, 20-21/set)",11.43,11.97,Close cosplay Batman Que Ri (capacete com espinhos) sorrindo,cosplay,4,4,n,n,vertical,5
raw/ig_DO4cd4Uj1ZR.mp4,https://www.instagram.com/reel/DO4cd4Uj1ZR/,"12a ed. 2025 (Minas Shopping, 20-21/set)",11.97,12.50,"Close cosplayer de cabelo preto (roupa com lotus) olhos fechados, publico desfocado ao fundo",cosplay,3,4,n,n,vertical,4
raw/ig_DO4cd4Uj1ZR.mp4,https://www.instagram.com/reel/DO4cd4Uj1ZR/,"12a ed. 2025 (Minas Shopping, 20-21/set)",12.50,13.03,"Retrato close cosplayer cacheada, maquiagem rosa, luz lateral",cosplay,3,4,n,n,vertical,4
raw/ig_DO4cd4Uj1ZR.mp4,https://www.instagram.com/reel/DO4cd4Uj1ZR/,"12a ed. 2025 (Minas Shopping, 20-21/set)",13.03,13.57,"Cosplay Inuyasha (cabelo branco, orelhas) retrato",cosplay,3,4,n,n,vertical,4
raw/ig_DO4cd4Uj1ZR.mp4,https://www.instagram.com/reel/DO4cd4Uj1ZR/,"12a ed. 2025 (Minas Shopping, 20-21/set)",13.57,14.90,Deadpool abracado com cosplayer (Rei/Evangelion) fazendo pose para camera,cosplay,4,4,n,n,vertical,4
raw/ig_DO4cd4Uj1ZR.mp4,https://www.instagram.com/reel/DO4cd4Uj1ZR/,"12a ed. 2025 (Minas Shopping, 20-21/set)",14.90,15.43,Prateleira de canecas tematicas em estande (produtos),estande,2,4,n,n,vertical,3
raw/ig_DO4cd4Uj1ZR.mp4,https://www.instagram.com/reel/DO4cd4Uj1ZR/,"12a ed. 2025 (Minas Shopping, 20-21/set)",15.43,17.17,"Estatuetas/miniaturas (Berserk, Warhammer) em vitrine escura, dramatico",detalhe,2,4,n,n,vertical,3
raw/ig_DO4cd4Uj1ZR.mp4,https://www.instagram.com/reel/DO4cd4Uj1ZR/,"12a ed. 2025 (Minas Shopping, 20-21/set)",17.17,18.90,Mesa de artista independente com HQs/livros 'Contos',estande,2,4,n,n,vertical,3
raw/ig_DO4cd4Uj1ZR.mp4,https://www.instagram.com/reel/DO4cd4Uj1ZR/,"12a ed. 2025 (Minas Shopping, 20-21/set)",18.90,19.53,"Mulher se equilibrando em prancha de equilibrio (ativacao), angulo baixo",ativacao_marca,4,4,n,n,vertical,4
raw/ig_DO4cd4Uj1ZR.mp4,https://www.instagram.com/reel/DO4cd4Uj1ZR/,"12a ed. 2025 (Minas Shopping, 20-21/set)",19.53,20.10,Cosplayer (Luffy/vermelho) na prancha de equilibrio,ativacao_marca,4,4,n,n,vertical,4
raw/ig_DO4cd4Uj1ZR.mp4,https://www.instagram.com/reel/DO4cd4Uj1ZR/,"12a ed. 2025 (Minas Shopping, 20-21/set)",20.10,20.70,Crianca/jovem de costas jogando basquete de arcade (placa NXP 4),games,3,4,n,n,vertical,3
raw/ig_DO4cd4Uj1ZR.mp4,https://www.instagram.com/reel/DO4cd4Uj1ZR/,"12a ed. 2025 (Minas Shopping, 20-21/set)",20.70,22.47,"Detalhe aro e rede de basquete, fundo desfocado roxo",detalhe,2,4,n,n,vertical,2
raw/ig_DO4cd4Uj1ZR.mp4,https://www.instagram.com/reel/DO4cd4Uj1ZR/,"12a ed. 2025 (Minas Shopping, 20-21/set)",22.47,23.07,Visitante em estande com painel holografico azul (numero 1),ativacao_marca,2,3,n,n,vertical,3
raw/ig_DO4cd4Uj1ZR.mp4,https://www.instagram.com/reel/DO4cd4Uj1ZR/,"12a ed. 2025 (Minas Shopping, 20-21/set)",23.07,23.67,"Casal/entrevista com microfone, contra-luz",reacao_publico,2,3,n,s,vertical,2
raw/ig_DO4cd4Uj1ZR.mp4,https://www.instagram.com/reel/DO4cd4Uj1ZR/,"12a ed. 2025 (Minas Shopping, 20-21/set)",23.67,24.27,Bolas laranja (esferas do dragao) caindo/penduradas vistas de baixo,detalhe,3,3,n,n,vertical,3
raw/ig_DO4cd4Uj1ZR.mp4,https://www.instagram.com/reel/DO4cd4Uj1ZR/,"12a ed. 2025 (Minas Shopping, 20-21/set)",24.27,24.83,Close cosplayer loiro de terno verde e gravata vermelha,cosplay,3,4,n,n,vertical,4
raw/ig_DO4cd4Uj1ZR.mp4,https://www.instagram.com/reel/DO4cd4Uj1ZR/,"12a ed. 2025 (Minas Shopping, 20-21/set)",24.83,25.47,Close cosplay Yor Forger (Spy x Family) olhar intenso,cosplay,4,5,n,n,vertical,5
raw/ig_DO4cd4Uj1ZR.mp4,https://www.instagram.com/reel/DO4cd4Uj1ZR/,"12a ed. 2025 (Minas Shopping, 20-21/set)",25.47,26.07,"Close cosplay gotico (olhos vermelhos, gola de pelo)",cosplay,3,4,n,n,vertical,4
raw/ig_DO4cd4Uj1ZR.mp4,https://www.instagram.com/reel/DO4cd4Uj1ZR/,"12a ed. 2025 (Minas Shopping, 20-21/set)",26.07,26.63,Close cosplayer ruiva (Emma/TPN?) sorriso de canto,cosplay,3,4,n,n,vertical,4
raw/ig_DO4cd4Uj1ZR.mp4,https://www.instagram.com/reel/DO4cd4Uj1ZR/,"12a ed. 2025 (Minas Shopping, 20-21/set)",26.63,27.23,"Cosplay Megumin (Konosuba) sorrindo, chapeu",cosplay,3,4,n,n,vertical,4
raw/ig_DO4cd4Uj1ZR.mp4,https://www.instagram.com/reel/DO4cd4Uj1ZR/,"12a ed. 2025 (Minas Shopping, 20-21/set)",27.23,29.00,Mascote NXP (robo cabeca-TV) fazendo 'paz e amor' entre estandes,atracao_famosa,4,4,n,n,vertical,5
raw/ig_DO4cd4Uj1ZR.mp4,https://www.instagram.com/reel/DO4cd4Uj1ZR/,"12a ed. 2025 (Minas Shopping, 20-21/set)",29.13,31.40,POV arco e flecha mirando em cenario ilustrado (ativacao arqueria),ativacao_marca,4,4,n,n,vertical,4
raw/ig_DO4cd4Uj1ZR.mp4,https://www.instagram.com/reel/DO4cd4Uj1ZR/,"12a ed. 2025 (Minas Shopping, 20-21/set)",31.40,33.03,Flecha cravada em alvo de papel desenhado,detalhe,3,4,n,n,vertical,3
raw/ig_DO4cd4Uj1ZR.mp4,https://www.instagram.com/reel/DO4cd4Uj1ZR/,"12a ed. 2025 (Minas Shopping, 20-21/set)",33.03,34.73,Dois visitantes mirando arco lado a lado,ativacao_marca,4,4,n,n,vertical,4
raw/ig_DO4cd4Uj1ZR.mp4,https://www.instagram.com/reel/DO4cd4Uj1ZR/,"12a ed. 2025 (Minas Shopping, 20-21/set)",34.73,36.00,Jogadores com headset iluminado concentrados (arena),games,3,3,n,n,vertical,4
raw/ig_DO4cd4Uj1ZR.mp4,https://www.instagram.com/reel/DO4cd4Uj1ZR/,"12a ed. 2025 (Minas Shopping, 20-21/set)",36.00,37.83,"Tela de Valorant (mapa Haven) com jogador de costas, teclado RGB",games,3,4,n,n,vertical,4
raw/ig_DO4cd4Uj1ZR.mp4,https://www.instagram.com/reel/DO4cd4Uj1ZR/,"12a ed. 2025 (Minas Shopping, 20-21/set)",37.83,39.50,Jogadora de oculos e headset jogando no PC,games,3,4,n,n,vertical,4
raw/ig_DO4cd4Uj1ZR.mp4,https://www.instagram.com/reel/DO4cd4Uj1ZR/,"12a ed. 2025 (Minas Shopping, 20-21/set)",39.50,41.17,Visitante passando por painel PUC Minas (patrocinio),ativacao_marca,2,3,n,n,vertical,2
raw/ig_DO4cd4Uj1ZR.mp4,https://www.instagram.com/reel/DO4cd4Uj1ZR/,"12a ed. 2025 (Minas Shopping, 20-21/set)",41.40,42.90,"Apresentadora no palco com microfone rindo, telao azul ao fundo",palco,4,4,n,s,vertical,4
raw/ig_DO4cd4Uj1ZR.mp4,https://www.instagram.com/reel/DO4cd4Uj1ZR/,"12a ed. 2025 (Minas Shopping, 20-21/set)",42.90,44.50,Cosplayer (jaqueta vermelha) falando ao microfone no palco/painel,palco,3,4,n,s,vertical,3
raw/ig_DO4cd4Uj1ZR.mp4,https://www.instagram.com/reel/DO4cd4Uj1ZR/,"12a ed. 2025 (Minas Shopping, 20-21/set)",44.50,46.10,"Participante com orelhas de gato ao microfone, perfil, luz de telao",palco,3,4,n,s,vertical,3
raw/ig_DO4cd4Uj1ZR.mp4,https://www.instagram.com/reel/DO4cd4Uj1ZR/,"12a ed. 2025 (Minas Shopping, 20-21/set)",46.10,47.60,"Convidado/apresentador falando ao microfone com energia, telao ao fundo",atracao_famosa,4,4,n,s,vertical,4
raw/ig_DO4cd4Uj1ZR.mp4,https://www.instagram.com/reel/DO4cd4Uj1ZR/,"12a ed. 2025 (Minas Shopping, 20-21/set)",47.60,48.63,"Plateia sentada sorrindo (varias pessoas, cosplays), plano medio",multidao,4,4,n,n,vertical,5
raw/ig_DO4cd4Uj1ZR.mp4,https://www.instagram.com/reel/DO4cd4Uj1ZR/,"12a ed. 2025 (Minas Shopping, 20-21/set)",48.63,50.47,Convidado agachado na beira do palco interagindo com o publico,atracao_famosa,4,4,n,s,vertical,4
raw/ig_DO4cd4Uj1ZR.mp4,https://www.instagram.com/reel/DO4cd4Uj1ZR/,"12a ed. 2025 (Minas Shopping, 20-21/set)",50.47,52.27,"Fa olhando para o palco maravilhada, celular na mao",reacao_publico,4,4,n,n,vertical,5
raw/ig_DO4cd4Uj1ZR.mp4,https://www.instagram.com/reel/DO4cd4Uj1ZR/,"12a ed. 2025 (Minas Shopping, 20-21/set)",52.27,54.00,"Fa com punho erguido no meio do publico, contra-plongee",reacao_publico,5,4,n,n,vertical,5
raw/ig_DO4cd4Uj1ZR.mp4,https://www.instagram.com/reel/DO4cd4Uj1ZR/,"12a ed. 2025 (Minas Shopping, 20-21/set)",54.00,55.63,"Vocalista loiro cantando no palco com prop de arma, contra-plongee",palco,5,4,n,n,vertical,5
raw/ig_DO4cd4Uj1ZR.mp4,https://www.instagram.com/reel/DO4cd4Uj1ZR/,"12a ed. 2025 (Minas Shopping, 20-21/set)",55.63,57.27,"Baixista de bone cantando no microfone, telao com particulas",palco,4,4,n,n,vertical,4
raw/ig_DO4cd4Uj1ZR.mp4,https://www.instagram.com/reel/DO4cd4Uj1ZR/,"12a ed. 2025 (Minas Shopping, 20-21/set)",57.27,59.23,"Guitarrista (letreiro Netflix ao fundo) tocando, angulo baixo",palco,4,4,n,n,vertical,4
raw/ig_DO4cd4Uj1ZR.mp4,https://www.instagram.com/reel/DO4cd4Uj1ZR/,"12a ed. 2025 (Minas Shopping, 20-21/set)",59.23,61.43,"Baterista tocando, contra-luz",palco,4,3,n,n,vertical,4
raw/ig_DO4cd4Uj1ZR.mp4,https://www.instagram.com/reel/DO4cd4Uj1ZR/,"12a ed. 2025 (Minas Shopping, 20-21/set)",61.43,64.33,"Fa cantando junto de olhos fechados, perfil (emocao)",reacao_publico,5,4,n,n,vertical,5
raw/ig_DOyHlxnCJvI.mp4,https://www.instagram.com/reel/DOyHlxnCJvI/,provavel 11a ed. 2024 (Minas Shopping),3.00,3.90,"Close sabre de luz verde cortando a frente da camera, cosplay Jedi",cosplay,5,3,n,n,vertical,4
raw/ig_DOyHlxnCJvI.mp4,https://www.instagram.com/reel/DOyHlxnCJvI/,provavel 11a ed. 2024 (Minas Shopping),3.90,4.37,Cosplayer elfa roxa com asas; texto '20 e 21 de setembro' por cima,cosplay,3,3,s,n,vertical,1
raw/ig_DOyHlxnCJvI.mp4,https://www.instagram.com/reel/DOyHlxnCJvI/,provavel 11a ed. 2024 (Minas Shopping),5.00,6.50,Maos em teclado/mouse gamer (arena),games,3,3,n,n,vertical,3
raw/ig_DOyHlxnCJvI.mp4,https://www.instagram.com/reel/DOyHlxnCJvI/,provavel 11a ed. 2024 (Minas Shopping),6.50,7.13,Close capacete Homem de Ferro com LEDs,cosplay,4,3,n,n,vertical,4
raw/ig_DOyHlxnCJvI.mp4,https://www.instagram.com/reel/DOyHlxnCJvI/,provavel 11a ed. 2024 (Minas Shopping),7.13,7.70,"Cosplayer fazendo 'V' com cracha Equipe, sorriso",cosplay,4,3,n,n,vertical,4
raw/ig_DOyHlxnCJvI.mp4,https://www.instagram.com/reel/DOyHlxnCJvI/,provavel 11a ed. 2024 (Minas Shopping),7.70,8.13,Close cosplayer (Venti/Genshin) careta,cosplay,4,3,n,n,vertical,3
raw/ig_DOyHlxnCJvI.mp4,https://www.instagram.com/reel/DOyHlxnCJvI/,provavel 11a ed. 2024 (Minas Shopping),8.13,8.63,"Homem barbudo gargalhando para a camera, luz roxa (reacao)",reacao_publico,5,3,n,n,vertical,5
raw/ig_DOyHlxnCJvI.mp4,https://www.instagram.com/reel/DOyHlxnCJvI/,provavel 11a ed. 2024 (Minas Shopping),8.63,9.10,Mesa de board game com torre/maquete,games,3,3,n,n,vertical,3
raw/ig_DOyHlxnCJvI.mp4,https://www.instagram.com/reel/DOyHlxnCJvI/,provavel 11a ed. 2024 (Minas Shopping),9.10,10.77,"Cartas de card game sobre mesa preta, maos jogando (BG BH)",games,2,3,n,n,vertical,2
raw/ig_DOyHlxnCJvI.mp4,https://www.instagram.com/reel/DOyHlxnCJvI/,provavel 11a ed. 2024 (Minas Shopping),10.77,11.60,Cosplayer de cabelo branco espiando atras de torre de Jenga,games,4,3,n,n,vertical,4
raw/ig_DOyHlxnCJvI.mp4,https://www.instagram.com/reel/DOyHlxnCJvI/,provavel 11a ed. 2024 (Minas Shopping),11.60,12.27,Cosplayer idoso (guerreiro) gritando para a camera,cosplay,5,3,n,n,vertical,5
raw/ig_DOyHlxnCJvI.mp4,https://www.instagram.com/reel/DOyHlxnCJvI/,provavel 11a ed. 2024 (Minas Shopping),12.27,13.50,Mao com pulseira do evento puxando arco (arqueria),ativacao_marca,3,3,n,n,vertical,3
raw/ig_DOyHlxnCJvI.mp4,https://www.instagram.com/reel/DOyHlxnCJvI/,provavel 11a ed. 2024 (Minas Shopping),13.50,14.50,Estandarte 'Reino de Zenon' (area medieval),estande,2,3,n,n,vertical,2
raw/ig_DOyHlxnCJvI.mp4,https://www.instagram.com/reel/DOyHlxnCJvI/,provavel 11a ed. 2024 (Minas Shopping),14.50,15.67,Menino com headset gamer concentrado na arena,kids,3,3,n,n,vertical,4
raw/ig_DOyHlxnCJvI.mp4,https://www.instagram.com/reel/DOyHlxnCJvI/,provavel 11a ed. 2024 (Minas Shopping),15.67,15.97,PCs com neon azul na arena gamer,games,3,3,n,n,vertical,2
raw/ig_DO15ZhYgTeT.mp4,https://www.instagram.com/reel/DO15ZhYgTeT/,"12a ed. 2025 (Minas Shopping, 20-21/set)",1.23,2.33,Grupo de cosplayers Homem-Aranha fazendo pose (titulo 'Tour NXP 2025' e legenda),cosplay,5,3,s,s,vertical,2
raw/ig_DO15ZhYgTeT.mp4,https://www.instagram.com/reel/DO15ZhYgTeT/,"12a ed. 2025 (Minas Shopping, 20-21/set)",0.00,1.23,Batman Que Ri feminina posando com correntes; titulo queimado,cosplay,4,3,s,s,vertical,2
raw/ig_DO15ZhYgTeT.mp4,https://www.instagram.com/reel/DO15ZhYgTeT/,"12a ed. 2025 (Minas Shopping, 20-21/set)",32.20,35.17,Visitantes em simuladores/area imersiva; legenda,ativacao_marca,3,3,s,s,vertical,1
raw/ig_DO15ZhYgTeT.mp4,https://www.instagram.com/reel/DO15ZhYgTeT/,"12a ed. 2025 (Minas Shopping, 20-21/set)",44.80,48.43,"Plateia cheia sentada no painel de dubladores, telao NERD XP 12a edicao; legenda",multidao,4,3,s,s,vertical,2
raw/ig_DO15ZhYgTeT.mp4,https://www.instagram.com/reel/DO15ZhYgTeT/,"12a ed. 2025 (Minas Shopping, 20-21/set)",48.43,50.40,Painel dubladores Sergio Stern e Mauro Ramos no palco; legenda,atracao_famosa,3,3,s,s,vertical,2
raw/ig_DO15ZhYgTeT.mp4,https://www.instagram.com/reel/DO15ZhYgTeT/,"12a ed. 2025 (Minas Shopping, 20-21/set)",50.40,51.57,Cosplayer com fantoche Banguela sorrindo; legenda,cosplay,4,3,s,s,vertical,2
raw/ig_DO15ZhYgTeT.mp4,https://www.instagram.com/reel/DO15ZhYgTeT/,"12a ed. 2025 (Minas Shopping, 20-21/set)",51.57,54.53,Cosplay Iron Spider caminhando pelo pavilhao; legenda,cosplay,4,3,s,s,vertical,2
raw/ig_DO15ZhYgTeT.mp4,https://www.instagram.com/reel/DO15ZhYgTeT/,"12a ed. 2025 (Minas Shopping, 20-21/set)",54.53,55.87,Cosplay Elsa com pelucia Olaf; legenda,cosplay,3,3,s,s,vertical,2
raw/ig_DO15ZhYgTeT.mp4,https://www.instagram.com/reel/DO15ZhYgTeT/,"12a ed. 2025 (Minas Shopping, 20-21/set)",58.67,60.13,Homem-Aranha fazendo pose engracada na area cosplay; legenda,cosplay,4,3,s,s,vertical,2
raw/ig_DO15ZhYgTeT.mp4,https://www.instagram.com/reel/DO15ZhYgTeT/,"12a ed. 2025 (Minas Shopping, 20-21/set)",63.20,66.53,Funko Pops Pokemon em estande; legenda,estande,2,3,s,s,vertical,1
raw/ig_DO-4dGfFF9G.mp4,https://www.instagram.com/reel/DO-4dGfFF9G/,"12a ed. 2025 (Minas Shopping, 20-21/set)",1.43,3.30,"Metralhadora de cosplays (~0,1s cada) incl. cachorro golden; logos Estado de Minas/Glitch",cosplay,5,2,s,n,vertical,1
raw/ig_DO-4dGfFF9G.mp4,https://www.instagram.com/reel/DO-4dGfFF9G/,"12a ed. 2025 (Minas Shopping, 20-21/set)",2.25,2.35,Cachorro golden fantasiado (pet) - frame unico,pet,4,2,s,n,vertical,1
raw/ig_DO-4dGfFF9G.mp4,https://www.instagram.com/reel/DO-4dGfFF9G/,"12a ed. 2025 (Minas Shopping, 20-21/set)",83.03,87.47,"Closes de cosplay (Coco/mariachi com violao, Harley Quinn, Furina) com logo",cosplay,4,3,s,n,vertical,1
raw/ig_DZ8fHR3AGDI.mp4,https://www.instagram.com/reel/DZ8fHR3AGDI/,12a ed. 2025 (reaproveitado em promo 2027),18.50,19.60,Concurso cosplay: cosplayer Stocking (Panty&Stocking) ao microfone no palco; legenda,palco,4,3,s,s,vertical,2
raw/ig_DZ8fHR3AGDI.mp4,https://www.instagram.com/reel/DZ8fHR3AGDI/,12a ed. 2025 (reaproveitado em promo 2027),19.60,21.50,Vocalista e baixista da banda no palco (mesmo material do aftermovie 12a); legenda,palco,4,3,s,n,vertical,2
raw/ig_DAOf-QmRtuG.mp4,https://www.instagram.com/reel/DAOf-QmRtuG/,11a ed. 2024,10.00,15.50,"Arena e-Sports by Claro: galera jogando PC e mobile, cadeiras gamer; legenda",games,3,2,s,s,vertical,2
raw/ig_C-pmbwKxJ9W.mp4,https://www.instagram.com/reel/C-pmbwKxJ9W/,edicoes anteriores (promo 11a ed. 2024),1.80,8.63,"Montagem rapida (0,2s) multidao no palco, gamer, Mario sanfoneiro, cachorro, Sailor Moon, Feiticeira Escarlate - post-it 'Somos o evento mais nerd de MG' em todos",multidao,5,2,s,n,vertical,1
raw/ig_DO3HOJSElTt.mp4,https://www.instagram.com/reel/DO3HOJSElTt/,"12a ed. 2025 (Minas Shopping, 20-21/set)",10.00,16.50,"Caminhada pelo evento com Pedro Patrus (institucional), corredor com publico; legenda",bastidor,2,3,s,s,vertical,1
raw/ig_DE8Tnv8xl80.mp4,https://www.instagram.com/reel/DE8Tnv8xl80/,jan/2025 - acao na UFMG (nao e o evento),5.00,45.00,Corrida Naruto com centenas de estudantes na UFMG (selfie de 2 apresentadores na frente),multidao,4,2,s,s,vertical,1
